{"stats":{"minecraft:picked_up":{"minecraft:crossbow":1,"minecraft:slime_ball":41,"minecraft:redstone":1,"minecraft:birch_slab":1},"minecraft:used":{"minecraft:pillager_spawn_egg":24,"minecraft:repeater":4,"minecraft:shield":30,"minecraft:horse_spawn_egg":1,"minecraft:birch_slab":69,"minecraft:iron_block":275,"minecraft:smooth_quartz_slab":18,"minecraft:white_dye":1,"minecraft:sticky_piston":1,"minecraft:iron_golem_spawn_egg":3,"minecraft:glass":165,"minecraft:wooden_sword":86,"minecraft:dark_oak_planks":52,"minecraft:anvil":2,"minecraft:crossbow":191,"minecraft:command_block":31,"minecraft:dirt":4,"minecraft:obsidian":1,"minecraft:tuff":2,"minecraft:yellow_concrete":23,"minecraft:lever":2,"minecraft:white_concrete":19,"minecraft:redstone_block":2,"minecraft:redstone":117,"minecraft:dispenser":1,"minecraft:glow_ink_sac":9,"minecraft:sea_lantern":114,"minecraft:barrier":1,"minecraft:villager_spawn_egg":6,"minecraft:red_dye":1,"minecraft:slime_spawn_egg":11,"minecraft:end_rod":1},"minecraft:killed":{"minecraft:slime":82,"minecraft:pillager":15,"minecraft:iron_golem":3,"minecraft:sheep":1,"minecraft:villager":6,"minecraft:player":1},"minecraft:custom":{"minecraft:damage_blocked_by_shield":1400,"minecraft:time_since_rest":26328,"minecraft:walk_one_cm":259680,"minecraft:leave_game":2,"minecraft:mob_kills":107,"minecraft:play_time":148082,"minecraft:damage_dealt":38176,"minecraft:jump":397,"minecraft:time_since_death":26272,"minecraft:drop":5,"minecraft:sprint_one_cm":136160,"minecraft:inspect_dispenser":2,"minecraft:total_world_time":148082,"minecraft:fly_one_cm":661356,"minecraft:interact_with_anvil":2,"minecraft:crouch_one_cm":4384,"minecraft:sneak_time":1318,"minecraft:deaths":7,"minecraft:player_kills":1},"minecraft:dropped":{"minecraft:wooden_sword":2,"minecraft:crossbow":2,"minecraft:dirt":1}},"DataVersion":4440}