{"stats":{"minecraft:picked_up":{"minecraft:dirt":1,"minecraft:stone_button":11,"minecraft:glowstone":1,"minecraft:command_block":1,"minecraft:redstone":20,"minecraft:torch":1,"minecraft:heavy_weighted_pressure_plate":2,"minecraft:lantern":2,"minecraft:grass_block":1,"minecraft:slime_ball":22,"minecraft:oak_door":2,"minecraft:milk_bucket":1,"minecraft:stick":64,"minecraft:poppy":2,"minecraft:redstone_torch":1,"minecraft:painting":2,"minecraft:wooden_sword":1,"minecraft:brown_egg":1,"minecraft:iron_ingot":3,"minecraft:oak_sign":1,"minecraft:crossbow":1,"minecraft:repeating_command_block":1,"minecraft:firework_rocket":1,"minecraft:netherite_leggings":1,"minecraft:slime_spawn_egg":1,"minecraft:pale_oak_trapdoor":1,"minecraft:chain":1,"minecraft:barrier":1},"minecraft:used":{"minecraft:grass_block":19,"minecraft:painting":12,"minecraft:cherry_leaves":1,"minecraft:netherite_sword":37,"minecraft:birch_slab":7,"minecraft:iron_pickaxe":1,"minecraft:happy_ghast_spawn_egg":1,"minecraft:iron_block":1989,"minecraft:glass":301,"minecraft:oak_sign":15,"minecraft:polished_diorite_stairs":27,"minecraft:wooden_sword":1,"minecraft:lantern":55,"minecraft:command_block":196,"minecraft:crossbow":22,"minecraft:short_grass":6,"minecraft:redstone":788,"minecraft:black_wool":2,"minecraft:sea_lantern":26,"minecraft:wooden_shovel":94,"minecraft:barrier":187,"minecraft:villager_spawn_egg":31,"minecraft:bow":1,"minecraft:oak_door":3,"minecraft:loom":4,"minecraft:polished_diorite_slab":5,"minecraft:chiseled_quartz_block":27,"minecraft:scaffolding":1,"minecraft:smooth_quartz_slab":87,"minecraft:pale_oak_trapdoor":1,"minecraft:dark_oak_leaves":6,"minecraft:water_bucket":36,"minecraft:repeating_command_block":2,"minecraft:bone_meal":31,"minecraft:dark_oak_planks":718,"minecraft:torch":30,"minecraft:dirt":42,"minecraft:dark_oak_slab":1,"minecraft:redstone_block":2,"minecraft:oak_leaves":12,"minecraft:polished_blackstone_bricks":1,"minecraft:stone_button":4,"minecraft:rose_bush":4,"minecraft:iron_bars":169,"minecraft:comparator":2,"minecraft:smooth_quartz_stairs":28,"minecraft:birch_hanging_sign":2,"minecraft:redstone_torch":36,"minecraft:flint_and_steel":9,"minecraft:dark_oak_trapdoor":1,"minecraft:slime_spawn_egg":4,"minecraft:oak_sapling":2,"minecraft:spruce_sapling":5,"minecraft:end_rod":5,"minecraft:black_stained_glass":7,"minecraft:yellow_wool":4,"minecraft:heavy_weighted_pressure_plate":4},"minecraft:killed":{"minecraft:happy_ghast":1,"minecraft:slime":33,"minecraft:sheep":2,"minecraft:villager":7},"minecraft:custom":{"minecraft:talked_to_villager":1,"minecraft:time_since_rest":32072,"minecraft:walk_one_cm":906682,"minecraft:leave_game":6,"minecraft:damage_taken":735,"minecraft:mob_kills":43,"minecraft:play_time":429210,"minecraft:damage_dealt":1833,"minecraft:jump":1766,"minecraft:time_since_death":32037,"minecraft:aviate_one_cm":3295,"minecraft:drop":30,"minecraft:sprint_one_cm":509662,"minecraft:open_chest":2,"minecraft:fall_one_cm":1813,"minecraft:happy_ghast_one_cm":8627,"minecraft:total_world_time":449664,"minecraft:fly_one_cm":1153798,"minecraft:walk_on_water_one_cm":238,"minecraft:crouch_one_cm":48853,"minecraft:sneak_time":18235,"minecraft:deaths":11},"minecraft:dropped":{"minecraft:stone_button":2,"minecraft:grass_block":2,"minecraft:pale_oak_trapdoor":1,"minecraft:milk_bucket":17,"minecraft:repeating_command_block":1,"minecraft:polished_blackstone_bricks":1,"minecraft:dark_oak_trapdoor":1,"minecraft:netherite_leggings":1,"minecraft:loom":1,"minecraft:painting":1,"minecraft:glass":1,"minecraft:firework_rocket":1}},"DataVersion":4440}