{"stats":{"minecraft:used":{"minecraft:painting":1,"minecraft:quartz_slab":4,"minecraft:stone_button":3,"minecraft:iron_block":28},"minecraft:custom":{"minecraft:time_since_rest":7954,"minecraft:walk_one_cm":8071,"minecraft:leave_game":1,"minecraft:play_time":9912,"minecraft:jump":14,"minecraft:time_since_death":7918,"minecraft:drop":1,"minecraft:sprint_one_cm":86,"minecraft:total_world_time":9912,"minecraft:fly_one_cm":27135,"minecraft:crouch_one_cm":246,"minecraft:sneak_time":139,"minecraft:deaths":1},"minecraft:dropped":{"minecraft:stone_button":1},"minecraft:picked_up":{"minecraft:stone_button":1}},"DataVersion":4440}