{"stats":{"minecraft:used":{"minecraft:grass_block":1,"minecraft:loom":1,"minecraft:redstone_block":1,"minecraft:polished_diorite_slab":5,"minecraft:redstone":4,"minecraft:black_wool":2,"minecraft:iron_block":34,"minecraft:comparator":2,"minecraft:oak_sign":6,"minecraft:redstone_torch":1,"minecraft:polished_diorite_stairs":2,"minecraft:dirt":28,"minecraft:yellow_wool":3},"minecraft:custom":{"minecraft:time_since_rest":15261,"minecraft:walk_one_cm":39000,"minecraft:leave_game":3,"minecraft:damage_dealt":52,"minecraft:play_time":19826,"minecraft:jump":44,"minecraft:time_since_death":15232,"minecraft:drop":1,"minecraft:sprint_one_cm":21270,"minecraft:total_world_time":38545,"minecraft:fly_one_cm":23571,"minecraft:crouch_one_cm":3700,"minecraft:sneak_time":1307,"minecraft:deaths":1},"minecraft:dropped":{"minecraft:stone_button":1},"minecraft:picked_up":{"minecraft:stone_button":1}},"DataVersion":4440}