{"stats":{"minecraft:killed_by":{"minecraft:player":1},"minecraft:picked_up":{"minecraft:iron_door":1,"minecraft:carved_pumpkin":1,"minecraft:iron_block":3,"minecraft:stone_button":1,"minecraft:painting":1,"minecraft:wooden_sword":1,"minecraft:glass":2,"minecraft:command_block":2,"minecraft:netherite_chestplate":2,"minecraft:leather":1,"minecraft:redstone":1,"minecraft:torch":1,"minecraft:netherite_boots":1,"minecraft:loom":3,"minecraft:heavy_weighted_pressure_plate":4,"minecraft:dark_oak_planks":3,"minecraft:crossbow":1,"minecraft:polished_diorite_stairs":2,"minecraft:lantern":3,"minecraft:slime_ball":1,"minecraft:oak_door":2,"minecraft:netherite_leggings":1,"minecraft:slime_spawn_egg":1,"minecraft:netherite_helmet":2},"minecraft:used":{"minecraft:grass_block":6,"minecraft:painting":7,"minecraft:repeater":3,"minecraft:netherite_sword":8,"minecraft:birch_slab":62,"minecraft:iron_block":2373,"minecraft:birch_stairs":1,"minecraft:smooth_quartz_slab":3,"minecraft:pale_oak_trapdoor":1,"minecraft:firework_rocket":46,"minecraft:campfire":2,"minecraft:sticky_piston":2,"minecraft:water_bucket":1,"minecraft:glass":320,"minecraft:oak_sign":12,"minecraft:polished_diorite_stairs":50,"minecraft:dark_oak_planks":2245,"minecraft:glowstone":1,"minecraft:anvil":1,"minecraft:lantern":41,"minecraft:command_block":248,"minecraft:crossbow":119,"minecraft:dirt":3,"minecraft:hay_block":2,"minecraft:quartz_slab":4,"minecraft:wind_charge":47,"minecraft:redstone_block":1,"minecraft:birch_fence":37,"minecraft:stone_button":8,"minecraft:redstone":9,"minecraft:ghast_spawn_egg":1,"minecraft:wither_skeleton_spawn_egg":2,"minecraft:mace":4,"minecraft:sea_lantern":2,"minecraft:chain":7,"minecraft:end_rod":1,"minecraft:brown_egg":73,"minecraft:iron_door":16,"minecraft:heavy_weighted_pressure_plate":22,"minecraft:oak_door":20},"minecraft:killed":{"minecraft:horse":1,"minecraft:slime":8},"minecraft:custom":{"minecraft:talked_to_villager":1,"minecraft:time_since_rest":32076,"minecraft:leave_game":10,"minecraft:damage_taken":4001,"minecraft:mob_kills":10,"minecraft:time_since_death":32045,"minecraft:aviate_one_cm":293920,"minecraft:happy_ghast_one_cm":3005,"minecraft:total_world_time":346483,"minecraft:crouch_one_cm":8807,"minecraft:deaths":13,"minecraft:interact_with_loom":1,"minecraft:walk_one_cm":965840,"minecraft:horse_one_cm":102,"minecraft:walk_under_water_one_cm":128,"minecraft:play_time":346483,"minecraft:damage_dealt":561,"minecraft:jump":1741,"minecraft:drop":76,"minecraft:sprint_one_cm":220587,"minecraft:open_chest":1,"minecraft:fly_one_cm":1278594,"minecraft:interact_with_anvil":2,"minecraft:walk_on_water_one_cm":578,"minecraft:sneak_time":3504},"minecraft:dropped":{"minecraft:barrier":1,"minecraft:heavy_weighted_pressure_plate":4,"minecraft:repeater":1,"minecraft:iron_door":1,"minecraft:netherite_helmet":2,"minecraft:lantern":2,"minecraft:loom":2,"minecraft:ghast_spawn_egg":1,"minecraft:glass":2,"minecraft:dirt":1,"minecraft:brown_egg":1,"minecraft:firework_rocket":1,"minecraft:black_wool":1,"minecraft:netherite_chestplate":2,"minecraft:glowstone":1,"minecraft:chain":1,"minecraft:repeating_command_block":1,"minecraft:slime_spawn_egg":2,"minecraft:shield":1,"minecraft:yellow_wool":1,"minecraft:lever":1,"minecraft:wither_skeleton_spawn_egg":1,"minecraft:redstone_block":1,"minecraft:mace":2,"minecraft:white_harness":1,"minecraft:water_bucket":1,"minecraft:redstone":4,"minecraft:stone_button":3,"minecraft:grass_block":3,"minecraft:polished_diorite_stairs":1,"minecraft:iron_block":3,"minecraft:milk_bucket":1,"minecraft:anvil":1,"minecraft:netherite_leggings":1,"minecraft:stick":129,"minecraft:arrow":13,"minecraft:sticky_piston":1,"minecraft:redstone_torch":1,"minecraft:carved_pumpkin":1,"minecraft:end_rod":1,"minecraft:command_block":3,"minecraft:dark_oak_planks":2,"minecraft:netherite_boots":1,"minecraft:elytra":1,"minecraft:pale_oak_trapdoor":1,"minecraft:oak_door":2,"minecraft:painting":3,"minecraft:quartz_slab":1}},"DataVersion":4440}