{"stats":{"minecraft:picked_up":{"minecraft:crossbow":1,"minecraft:slime_ball":41,"minecraft:redstone":1},"minecraft:used":{"minecraft:pillager_spawn_egg":24,"minecraft:repeater":4,"minecraft:shield":30,"minecraft:horse_spawn_egg":1,"minecraft:iron_block":107,"minecraft:white_dye":1,"minecraft:sticky_piston":1,"minecraft:iron_golem_spawn_egg":3,"minecraft:glass":101,"minecraft:wooden_sword":51,"minecraft:dark_oak_planks":1,"minecraft:anvil":2,"minecraft:crossbow":191,"minecraft:command_block":28,"minecraft:obsidian":1,"minecraft:tuff":2,"minecraft:yellow_concrete":23,"minecraft:lever":2,"minecraft:redstone_block":2,"minecraft:redstone":9,"minecraft:dispenser":1,"minecraft:glow_ink_sac":9,"minecraft:sea_lantern":114,"minecraft:barrier":1,"minecraft:villager_spawn_egg":6,"minecraft:red_dye":1,"minecraft:slime_spawn_egg":7,"minecraft:end_rod":1},"minecraft:killed":{"minecraft:slime":82,"minecraft:pillager":15,"minecraft:iron_golem":3,"minecraft:sheep":1,"minecraft:villager":6,"minecraft:player":1},"minecraft:custom":{"minecraft:damage_blocked_by_shield":1400,"minecraft:time_since_rest":31224,"minecraft:walk_one_cm":196457,"minecraft:leave_game":1,"minecraft:mob_kills":107,"minecraft:play_time":119668,"minecraft:damage_dealt":8230,"minecraft:jump":223,"minecraft:time_since_death":31203,"minecraft:drop":4,"minecraft:sprint_one_cm":101932,"minecraft:inspect_dispenser":1,"minecraft:total_world_time":119668,"minecraft:fly_one_cm":522428,"minecraft:interact_with_anvil":2,"minecraft:crouch_one_cm":968,"minecraft:sneak_time":319,"minecraft:deaths":6,"minecraft:player_kills":1},"minecraft:dropped":{"minecraft:wooden_sword":2,"minecraft:crossbow":2}},"DataVersion":4440}