{"stats":{"minecraft:custom":{"minecraft:time_since_rest":12949,"minecraft:walk_one_cm":742504,"minecraft:leave_game":3,"minecraft:damage_taken":161,"minecraft:mob_kills":3,"minecraft:play_time":221033,"minecraft:damage_dealt":525,"minecraft:jump":1167,"minecraft:time_since_death":12917,"minecraft:aviate_one_cm":216440,"minecraft:drop":69,"minecraft:sprint_one_cm":95774,"minecraft:open_chest":1,"minecraft:happy_ghast_one_cm":3005,"minecraft:total_world_time":221033,"minecraft:fly_one_cm":795810,"minecraft:crouch_one_cm":1969,"minecraft:sneak_time":1676,"minecraft:deaths":12,"minecraft:interact_with_loom":1},"minecraft:used":{"minecraft:grass_block":6,"minecraft:painting":7,"minecraft:repeater":3,"minecraft:birch_slab":47,"minecraft:iron_block":1640,"minecraft:birch_stairs":1,"minecraft:smooth_quartz_slab":2,"minecraft:pale_oak_trapdoor":1,"minecraft:firework_rocket":46,"minecraft:campfire":2,"minecraft:sticky_piston":2,"minecraft:glass":35,"minecraft:oak_sign":8,"minecraft:polished_diorite_stairs":40,"minecraft:dark_oak_planks":1989,"minecraft:glowstone":1,"minecraft:lantern":31,"minecraft:command_block":207,"minecraft:dirt":3,"minecraft:hay_block":2,"minecraft:quartz_slab":4,"minecraft:redstone_block":1,"minecraft:stone_button":8,"minecraft:redstone":9,"minecraft:ghast_spawn_egg":1,"minecraft:wither_skeleton_spawn_egg":2,"minecraft:mace":4,"minecraft:chain":7,"minecraft:end_rod":1,"minecraft:brown_egg":73,"minecraft:iron_door":2,"minecraft:heavy_weighted_pressure_plate":6,"minecraft:oak_door":14},"minecraft:killed":{"minecraft:slime":2},"minecraft:dropped":{"minecraft:heavy_weighted_pressure_plate":4,"minecraft:repeater":1,"minecraft:netherite_helmet":2,"minecraft:lantern":2,"minecraft:loom":2,"minecraft:ghast_spawn_egg":1,"minecraft:glass":1,"minecraft:dirt":1,"minecraft:brown_egg":1,"minecraft:firework_rocket":1,"minecraft:black_wool":1,"minecraft:netherite_chestplate":2,"minecraft:glowstone":1,"minecraft:chain":1,"minecraft:repeating_command_block":1,"minecraft:slime_spawn_egg":2,"minecraft:shield":1,"minecraft:yellow_wool":1,"minecraft:lever":1,"minecraft:wither_skeleton_spawn_egg":1,"minecraft:redstone_block":1,"minecraft:mace":2,"minecraft:white_harness":1,"minecraft:redstone":4,"minecraft:stone_button":3,"minecraft:grass_block":3,"minecraft:polished_diorite_stairs":1,"minecraft:iron_block":3,"minecraft:milk_bucket":1,"minecraft:netherite_leggings":1,"minecraft:stick":129,"minecraft:sticky_piston":1,"minecraft:redstone_torch":1,"minecraft:carved_pumpkin":1,"minecraft:end_rod":1,"minecraft:command_block":3,"minecraft:dark_oak_planks":2,"minecraft:netherite_boots":1,"minecraft:elytra":1,"minecraft:pale_oak_trapdoor":1,"minecraft:oak_door":2,"minecraft:painting":3,"minecraft:quartz_slab":1},"minecraft:picked_up":{"minecraft:carved_pumpkin":1,"minecraft:iron_block":3,"minecraft:stone_button":1,"minecraft:painting":1,"minecraft:glass":1,"minecraft:command_block":2,"minecraft:netherite_chestplate":2,"minecraft:redstone":1,"minecraft:torch":1,"minecraft:netherite_boots":1,"minecraft:loom":3,"minecraft:heavy_weighted_pressure_plate":4,"minecraft:dark_oak_planks":3,"minecraft:polished_diorite_stairs":2,"minecraft:lantern":3,"minecraft:oak_door":2,"minecraft:netherite_leggings":1,"minecraft:slime_spawn_egg":1,"minecraft:netherite_helmet":2}},"DataVersion":4440}