{"stats":{"minecraft:custom":{"minecraft:talked_to_villager":1,"minecraft:time_since_rest":13060,"minecraft:walk_one_cm":476752,"minecraft:leave_game":4,"minecraft:mob_kills":6,"minecraft:damage_taken":415,"minecraft:play_time":244123,"minecraft:damage_dealt":453,"minecraft:jump":1269,"minecraft:time_since_death":13040,"minecraft:drop":29,"minecraft:sprint_one_cm":287220,"minecraft:open_chest":2,"minecraft:fall_one_cm":1813,"minecraft:happy_ghast_one_cm":8627,"minecraft:total_world_time":264362,"minecraft:fly_one_cm":649352,"minecraft:crouch_one_cm":38811,"minecraft:sneak_time":13168,"minecraft:deaths":10},"minecraft:used":{"minecraft:painting":12,"minecraft:grass_block":11,"minecraft:loom":4,"minecraft:polished_diorite_slab":5,"minecraft:scaffolding":1,"minecraft:iron_pickaxe":1,"minecraft:happy_ghast_spawn_egg":1,"minecraft:iron_block":1228,"minecraft:smooth_quartz_slab":87,"minecraft:pale_oak_trapdoor":1,"minecraft:water_bucket":7,"minecraft:repeating_command_block":2,"minecraft:oak_sign":10,"minecraft:glass":122,"minecraft:polished_diorite_stairs":6,"minecraft:dark_oak_planks":446,"minecraft:lantern":31,"minecraft:command_block":55,"minecraft:torch":30,"minecraft:dirt":42,"minecraft:dark_oak_slab":1,"minecraft:redstone_block":1,"minecraft:polished_blackstone_bricks":1,"minecraft:stone_button":4,"minecraft:redstone":632,"minecraft:black_wool":2,"minecraft:comparator":2,"minecraft:barrier":110,"minecraft:villager_spawn_egg":28,"minecraft:flint_and_steel":9,"minecraft:redstone_torch":27,"minecraft:dark_oak_trapdoor":1,"minecraft:slime_spawn_egg":4,"minecraft:end_rod":5,"minecraft:black_stained_glass":7,"minecraft:yellow_wool":4,"minecraft:heavy_weighted_pressure_plate":4,"minecraft:oak_door":2},"minecraft:killed":{"minecraft:happy_ghast":1,"minecraft:slime":1,"minecraft:villager":4},"minecraft:dropped":{"minecraft:stone_button":2,"minecraft:grass_block":2,"minecraft:pale_oak_trapdoor":1,"minecraft:milk_bucket":17,"minecraft:repeating_command_block":1,"minecraft:polished_blackstone_bricks":1,"minecraft:dark_oak_trapdoor":1,"minecraft:loom":1,"minecraft:painting":1,"minecraft:glass":1,"minecraft:firework_rocket":1},"minecraft:picked_up":{"minecraft:milk_bucket":1,"minecraft:dirt":1,"minecraft:stone_button":11,"minecraft:stick":64,"minecraft:redstone_torch":1,"minecraft:glowstone":1,"minecraft:painting":2,"minecraft:command_block":1,"minecraft:brown_egg":1,"minecraft:redstone":20,"minecraft:torch":1,"minecraft:heavy_weighted_pressure_plate":2,"minecraft:oak_sign":1,"minecraft:repeating_command_block":1,"minecraft:firework_rocket":1,"minecraft:grass_block":1,"minecraft:slime_ball":2,"minecraft:oak_door":2,"minecraft:slime_spawn_egg":1,"minecraft:pale_oak_trapdoor":1,"minecraft:chain":1}},"DataVersion":4440}